Date,API Invocations
2025-01-01 00:00:00,5806118
2025-01-02 00:00:00,5905738
2025-01-03 00:00:00,5894974
2025-01-04 00:00:00,5721069
2025-01-05 00:00:00,5968843
2025-01-06 00:00:00,6036058
2025-01-07 00:00:00,6043566
2025-01-08 00:00:00,6085984
2025-01-09 00:00:00,6122979
2025-01-10 00:00:00,6118739
2025-01-11 00:00:00,5871858
2025-01-12 00:00:00,6081275
2025-01-13 00:00:00,6235024
2025-01-14 00:00:00,6294261
2025-01-15 00:00:00,6236404
2025-01-16 00:00:00,6263808
2025-01-17 00:00:00,7298021
2025-01-18 00:00:00,7377550
2025-01-19 00:00:00,7254362
2025-01-20 00:00:00,7203183
2025-01-21 00:00:00,7571482
2025-01-22 00:00:00,7249238
2025-01-23 00:00:00,6940276
2025-01-24 00:00:00,6828160
2025-01-25 00:00:00,6661122
2025-01-26 00:00:00,6746641
2025-01-27 00:00:00,6845293
2025-01-28 00:00:00,6879682
2025-01-29 00:00:00,7287186
2025-01-30 00:00:00,7033013
2025-01-31 00:00:00,8102153
2025-02-01 00:00:00,5284526
2025-02-02 00:00:00,5144697
2025-02-03 00:00:00,5401839
2025-02-04 00:00:00,5118145
2025-02-05 00:00:00,4907219
2025-02-06 00:00:00,5241425
2025-02-07 00:00:00,5203696
2025-02-08 00:00:00,5212669
2025-02-09 00:00:00,5542791
2025-02-10 00:00:00,5554648
2025-02-11 00:00:00,5517146
2025-02-12 00:00:00,5517969
2025-02-13 00:00:00,5960722
2025-02-14 00:00:00,5879722
2025-02-15 00:00:00,5618859
2025-02-16 00:00:00,5953877
2025-02-17 00:00:00,5777749
2025-02-18 00:00:00,5706570
2025-02-19 00:00:00,5850137
2025-02-20 00:00:00,6187124
2025-02-21 00:00:00,5658508
2025-02-22 00:00:00,5162491
2025-02-23 00:00:00,5444663
2025-02-24 00:00:00,5422863
2025-02-25 00:00:00,5508048
2025-02-26 00:00:00,6396191
2025-02-27 00:00:00,6121399
2025-02-28 00:00:00,6191744
2025-03-01 00:00:00,6105410
2025-03-02 00:00:00,6321990
2025-03-03 00:00:00,6301329
2025-03-04 00:00:00,5723055
2025-03-05 00:00:00,5981632
2025-03-06 00:00:00,5928214
2025-03-07 00:00:00,6184427
2025-03-08 00:00:00,5944047
2025-03-09 00:00:00,6236064
2025-03-10 00:00:00,6261671
2025-03-11 00:00:00,6008308
2025-03-12 00:00:00,6067951
2025-03-13 00:00:00,6330902
2025-03-14 00:00:00,6325984
2025-03-15 00:00:00,5706285
2025-03-16 00:00:00,5443146
2025-03-17 00:00:00,5859943
2025-03-18 00:00:00,5711790
2025-03-19 00:00:00,5755815
2025-03-20 00:00:00,5726416
2025-03-21 00:00:00,5847748
2025-03-22 00:00:00,5608204
2025-03-23 00:00:00,6193450
2025-03-24 00:00:00,6002037
2025-03-25 00:00:00,5912226
2025-03-26 00:00:00,5884290
2025-03-27 00:00:00,6156801
2025-03-28 00:00:00,6103216
2025-03-29 00:00:00,6031617
2025-03-30 00:00:00,6459900
2025-03-31 00:00:00,6544460
2025-04-01 00:00:00,6493063
2025-04-02 00:00:00,6377867
2025-04-03 00:00:00,6258643
2025-04-04 00:00:00,7130585
2025-04-05 00:00:00,6628792
2025-04-06 00:00:00,6989912
2025-04-07 00:00:00,6931283
2025-04-08 00:00:00,7364671
2025-04-09 00:00:00,7057198
2025-04-10 00:00:00,7184460
2025-04-11 00:00:00,7076088
2025-04-12 00:00:00,6335676
2025-04-13 00:00:00,7363808
2025-04-14 00:00:00,6958646
2025-04-15 00:00:00,6871024
2025-04-16 00:00:00,6484218
2025-04-17 00:00:00,6787514
2025-04-18 00:00:00,6452615
2025-04-19 00:00:00,6259888
2025-04-20 00:00:00,6550232
2025-04-21 00:00:00,6573528
2025-04-22 00:00:00,6689163
2025-04-23 00:00:00,6948794
2025-04-24 00:00:00,6909846
2025-04-25 00:00:00,6737671
2025-04-26 00:00:00,6567882
2025-04-27 00:00:00,6697368
2025-04-28 00:00:00,6350587
2025-04-29 00:00:00,6464605
2025-04-30 00:00:00,6422004
2025-05-01 00:00:00,6340162
2025-05-02 00:00:00,6796111
2025-05-03 00:00:00,6505340
2025-05-04 00:00:00,6603590
2025-05-05 00:00:00,6772957
2025-05-06 00:00:00,6997213
2025-05-07 00:00:00,6881108
2025-05-08 00:00:00,6934798
2025-05-09 00:00:00,6840445
2025-05-10 00:00:00,6855669
2025-05-11 00:00:00,6960097
2025-05-12 00:00:00,6699744
2025-05-13 00:00:00,6693759
2025-05-14 00:00:00,6734333
2025-05-15 00:00:00,8559925
2025-05-16 00:00:00,8284112
2025-05-17 00:00:00,8731814
2025-05-18 00:00:00,7775914
2025-05-19 00:00:00,7363190
2025-05-20 00:00:00,7115304
2025-05-21 00:00:00,10412236
2025-05-22 00:00:00,7819467
2025-05-23 00:00:00,7067256
2025-05-24 00:00:00,6820420
2025-05-25 00:00:00,6988883
2025-05-26 00:00:00,7058185
2025-05-27 00:00:00,7086061
2025-05-28 00:00:00,7210635
2025-05-29 00:00:00,6971533
2025-05-30 00:00:00,7018868
2025-05-31 00:00:00,7015771
2025-06-01 00:00:00,7077167
2025-06-02 00:00:00,7288638
2025-06-03 00:00:00,7193190
2025-06-04 00:00:00,7154640
2025-06-05 00:00:00,7066670
2025-06-06 00:00:00,7061317
2025-06-07 00:00:00,6830861
2025-06-08 00:00:00,6907887
2025-06-09 00:00:00,7046015
2025-06-10 00:00:00,7233323
2025-06-11 00:00:00,7090398
2025-06-12 00:00:00,7017331
2025-06-13 00:00:00,7068800
2025-06-14 00:00:00,6856670
2025-06-15 00:00:00,7369221
2025-06-16 00:00:00,7384716
2025-06-17 00:00:00,7396123
2025-06-18 00:00:00,7323809
2025-06-19 00:00:00,7404670
2025-06-20 00:00:00,7500450
2025-06-21 00:00:00,7163801
2025-06-22 00:00:00,7328561
2025-06-23 00:00:00,7448168
2025-06-24 00:00:00,7435005
2025-06-25 00:00:00,7517076
2025-06-26 00:00:00,7518416
2025-06-27 00:00:00,7422399
2025-06-28 00:00:00,7252024
2025-06-29 00:00:00,7506237
2025-06-30 00:00:00,7546496
2025-07-01 00:00:00,7546316
2025-07-02 00:00:00,7538059
2025-07-03 00:00:00,7525962
2025-07-04 00:00:00,7527010
2025-07-05 00:00:00,7281032
2025-07-06 00:00:00,7465208
2025-07-07 00:00:00,7491951
2025-07-08 00:00:00,7362898
2025-07-09 00:00:00,7444305
2025-07-10 00:00:00,7688475
2025-07-11 00:00:00,7732121
2025-07-12 00:00:00,7343061
2025-07-13 00:00:00,7482901
2025-07-14 00:00:00,7743611
2025-07-15 00:00:00,7650710
2025-07-16 00:00:00,7606295
2025-07-17 00:00:00,7701062
2025-07-18 00:00:00,7707628
2025-07-19 00:00:00,8369573
2025-07-20 00:00:00,7923240
2025-07-21 00:00:00,7648837
2025-07-22 00:00:00,7742723
2025-07-23 00:00:00,7718756
2025-07-24 00:00:00,7804653
2025-07-25 00:00:00,7702332
2025-07-26 00:00:00,7425915
2025-07-27 00:00:00,7626420
2025-07-28 00:00:00,7755748
2025-07-29 00:00:00,7744510
2025-07-30 00:00:00,7699460
2025-07-31 00:00:00,7797104
2025-08-01 00:00:00,7713497
2025-08-02 00:00:00,7370642
2025-08-03 00:00:00,7543293
2025-08-04 00:00:00,7749978
2025-08-05 00:00:00,7906838
2025-08-06 00:00:00,8085746
2025-08-07 00:00:00,7941472
2025-08-08 00:00:00,7971679
2025-08-09 00:00:00,7696059
2025-08-10 00:00:00,7840838
2025-08-11 00:00:00,8318713
2025-08-12 00:00:00,8182427
2025-08-13 00:00:00,7943716
2025-08-14 00:00:00,7957554
2025-08-15 00:00:00,7654840
2025-08-16 00:00:00,7068795
2025-08-17 00:00:00,7314726
2025-08-18 00:00:00,7332225
2025-08-19 00:00:00,7408299
2025-08-20 00:00:00,7536768
2025-08-21 00:00:00,7506108
2025-08-22 00:00:00,7942412
2025-08-23 00:00:00,7608913
2025-08-24 00:00:00,7973912
2025-08-25 00:00:00,7917781
2025-08-26 00:00:00,7842003
2025-08-27 00:00:00,7803113
2025-08-28 00:00:00,7888639
2025-08-29 00:00:00,7861996
2025-08-30 00:00:00,7768846
2025-08-31 00:00:00,7678277
2025-09-01 00:00:00,7385052
2025-09-02 00:00:00,7402399
2025-09-03 00:00:00,7568468
2025-09-04 00:00:00,7737577
2025-09-05 00:00:00,7531099
2025-09-06 00:00:00,7370255
2025-09-07 00:00:00,7965669
2025-09-08 00:00:00,7937760
2025-09-09 00:00:00,8001275
2025-09-10 00:00:00,8155510
2025-09-11 00:00:00,8096023
2025-09-12 00:00:00,8120899
2025-09-13 00:00:00,7856710
2025-09-14 00:00:00,8132612
2025-09-15 00:00:00,8113718
2025-09-16 00:00:00,8139663
2025-09-17 00:00:00,8138317
2025-09-18 00:00:00,8072801
2025-09-19 00:00:00,8072078
2025-09-20 00:00:00,9044356
2025-09-21 00:00:00,8587161
2025-09-22 00:00:00,7604580
2025-09-23 00:00:00,8145886
2025-09-24 00:00:00,8104484
2025-09-25 00:00:00,8132239
2025-09-26 00:00:00,8198044
2025-09-27 00:00:00,7567338
2025-09-28 00:00:00,8136918
2025-09-29 00:00:00,8190877
2025-09-30 00:00:00,8376768
2025-10-01 00:00:00,8435784
2025-10-02 00:00:00,8331593
2025-10-03 00:00:00,8469258
2025-10-04 00:00:00,8136805
2025-10-05 00:00:00,8304552
2025-10-06 00:00:00,8289454
2025-10-07 00:00:00,8307754
2025-10-08 00:00:00,8561730
2025-10-09 00:00:00,8308113
2025-10-10 00:00:00,8600387
2025-10-11 00:00:00,8256151
2025-10-12 00:00:00,8526375
2025-10-13 00:00:00,8524270
2025-10-14 00:00:00,8743375
2025-10-15 00:00:00,9364249
2025-10-16 00:00:00,9608368
2025-10-17 00:00:00,9963172
2025-10-18 00:00:00,9948992
2025-10-19 00:00:00,10408088
2025-10-20 00:00:00,10590435
2025-10-21 00:00:00,11274196
2025-10-22 00:00:00,12194231
2025-10-23 00:00:00,12310630
2025-10-24 00:00:00,11465584
2025-10-25 00:00:00,11169278
2025-10-26 00:00:00,11604362
2025-10-27 00:00:00,11609879
2025-10-28 00:00:00,11373334
2025-10-29 00:00:00,11886781
2025-10-30 00:00:00,12636724
2025-10-31 00:00:00,13002024
2025-11-01 00:00:00,13099012
2025-11-02 00:00:00,13343655
2025-11-03 00:00:00,13207961
2025-11-04 00:00:00,13186783
2025-11-05 00:00:00,14187092
2025-11-06 00:00:00,14659882
2025-11-07 00:00:00,14255587
2025-11-08 00:00:00,16869977
2025-11-09 00:00:00,17019724
2025-11-10 00:00:00,15692652
2025-11-11 00:00:00,16812231
2025-11-12 00:00:00,16746893
2025-11-13 00:00:00,17052049
2025-11-14 00:00:00,15532127
2025-11-15 00:00:00,16741704
2025-11-16 00:00:00,16618121
2025-11-17 00:00:00,16146013
2025-11-18 00:00:00,14780784
2025-11-19 00:00:00,14949508
2025-11-20 00:00:00,15203837
2025-11-21 00:00:00,14524349
2025-11-22 00:00:00,13580109
2025-11-23 00:00:00,13012757
2025-11-24 00:00:00,13224835
2025-11-25 00:00:00,10881279
2025-11-26 00:00:00,11056418
2025-11-27 00:00:00,10711773
2025-11-28 00:00:00,9946189
2025-11-29 00:00:00,10254530
2025-11-30 00:00:00,10624955
2025-12-01 00:00:00,10868167
2025-12-02 00:00:00,11330167
2025-12-03 00:00:00,7532729
2025-12-04 00:00:00,12746160
2025-12-05 00:00:00,7929107
2025-12-06 00:00:00,6963903
2025-12-07 00:00:00,7431400
2025-12-08 00:00:00,9929469
2025-12-09 00:00:00,13393014
2025-12-10 00:00:00,13002084
2025-12-11 00:00:00,13191373
2025-12-12 00:00:00,16488378
2025-12-13 00:00:00,16187147
2025-12-14 00:00:00,16461389
2025-12-15 00:00:00,15345166
2025-12-16 00:00:00,14027637
2025-12-17 00:00:00,14430304
2025-12-18 00:00:00,14885859
2025-12-19 00:00:00,12249459
2025-12-20 00:00:00,12236994
2025-12-21 00:00:00,12483647
2025-12-22 00:00:00,11198466
2025-12-23 00:00:00,11590398
2025-12-24 00:00:00,11985076
2025-12-25 00:00:00,10771088
2025-12-26 00:00:00,11056188
2025-12-27 00:00:00,11375139
2025-12-28 00:00:00,11873790
2025-12-29 00:00:00,11938677
2025-12-30 00:00:00,11281978
2025-12-31 00:00:00,11940183
2026-01-01 00:00:00,11844606
2026-01-02 00:00:00,11667137
2026-01-03 00:00:00,11783775
2026-01-04 00:00:00,12118218
2026-01-05 00:00:00,11965843
2026-01-06 00:00:00,10994975
2026-01-07 00:00:00,12071171
2026-01-08 00:00:00,12279758
2026-01-09 00:00:00,12457343
2026-01-10 00:00:00,11417534
2026-01-11 00:00:00,12310947
2026-01-12 00:00:00,11713207
2026-01-13 00:00:00,12523295
2026-01-14 00:00:00,12174853
2026-01-15 00:00:00,12030611
2026-01-16 00:00:00,12087659
2026-01-17 00:00:00,11363166
2026-01-18 00:00:00,12094862
2026-01-19 00:00:00,11606698
2026-01-20 00:00:00,10781906
2026-01-21 00:00:00,12300930
2026-01-22 00:00:00,11999861
2026-01-23 00:00:00,12553691
2026-01-24 00:00:00,11923667
2026-01-25 00:00:00,12074694
2026-01-26 00:00:00,11443075
2026-01-27 00:00:00,12587215
2026-01-28 00:00:00,11289256
2026-01-29 00:00:00,12500698
2026-01-30 00:00:00,12333445
2026-01-31 00:00:00,12616702
2026-02-01 00:00:00,12365166
2026-02-02 00:00:00,12749863
2026-02-03 00:00:00,12981510
2026-02-04 00:00:00,13292634
2026-02-05 00:00:00,12030310
2026-02-06 00:00:00,13676122
2026-02-07 00:00:00,12017455
2026-02-08 00:00:00,12754283
2026-02-09 00:00:00,12664152
2026-02-10 00:00:00,13557811
2026-02-11 00:00:00,13562855
2026-02-12 00:00:00,13320067
2026-02-13 00:00:00,13110131
2026-02-14 00:00:00,12659383
2026-02-15 00:00:00,12168713
2026-02-16 00:00:00,13267793
2026-02-17 00:00:00,12156192
2026-02-18 00:00:00,13974532
2026-02-19 00:00:00,13308477
2026-02-20 00:00:00,13806057
2026-02-21 00:00:00,12310034
2026-02-22 00:00:00,12644865
2026-02-23 00:00:00,13211193
2026-02-24 00:00:00,12675367
2026-02-25 00:00:00,13889362
2026-02-26 00:00:00,13101913
2026-02-27 00:00:00,13352509
2026-02-28 00:00:00,13344267
2026-03-01 00:00:00,13206664
2026-03-02 00:00:00,14048453
2026-03-03 00:00:00,14172141
2026-03-04 00:00:00,14008874
2026-03-05 00:00:00,13881682
2026-03-06 00:00:00,13678101
2026-03-07 00:00:00,13662496
2026-03-08 00:00:00,13235294
2026-03-09 00:00:00,14075613
2026-03-10 00:00:00,14482445
2026-03-11 00:00:00,13098009
2026-03-12 00:00:00,14024905
2026-03-13 00:00:00,14855501
2026-03-14 00:00:00,11660801
2026-03-15 00:00:00,12405907
2026-03-16 00:00:00,14800538
2026-03-17 00:00:00,14987122
2026-03-18 00:00:00,14444596
2026-03-19 00:00:00,18000115
2026-03-20 00:00:00,14378465
2026-03-21 00:00:00,14063052
2026-03-22 00:00:00,14769001
2026-03-23 00:00:00,14249378
2026-03-24 00:00:00,14494907
2026-03-25 00:00:00,13945786
2026-03-26 00:00:00,13531289
2026-03-27 00:00:00,15916551
2026-03-28 00:00:00,15403848
2026-03-29 00:00:00,14769783
2026-03-30 00:00:00,15864660
2026-03-31 00:00:00,16362735
2026-04-01 00:00:00,15962888
2026-04-02 00:00:00,16117912
2026-04-03 00:00:00,15880868
2026-04-04 00:00:00,14705309
2026-04-05 00:00:00,14122800
2026-04-06 00:00:00,17005878
2026-04-07 00:00:00,16639453
2026-04-08 00:00:00,16692287
2026-04-09 00:00:00,16659794
2026-04-10 00:00:00,15179558
2026-04-11 00:00:00,12892280
2026-04-12 00:00:00,14997045
2026-04-13 00:00:00,15040342
2026-04-14 00:00:00,16145150
2026-04-15 00:00:00,14419123
2026-04-16 00:00:00,13694312
2026-04-17 00:00:00,13284523
2026-04-18 00:00:00,13594146
2026-04-19 00:00:00,13032523
2026-04-20 00:00:00,14152862
2026-04-21 00:00:00,11107279
2026-04-22 00:00:00,14728345
2026-04-23 00:00:00,14223837
2026-04-24 00:00:00,14590731
2026-04-25 00:00:00,15185968
2026-04-26 00:00:00,15782825
2026-04-27 00:00:00,14538126
2026-04-28 00:00:00,14932178
2026-04-29 00:00:00,14144123
2026-04-30 00:00:00,14821753
2026-05-01 00:00:00,15697197
2026-05-02 00:00:00,15598193
2026-05-03 00:00:00,16041049
2026-05-04 00:00:00,14772829
2026-05-05 00:00:00,14720856
2026-05-06 00:00:00,15126469
2026-05-07 00:00:00,15021192
2026-05-08 00:00:00,15313586
2026-05-09 00:00:00,14651646
2026-05-10 00:00:00,15604966
2026-05-11 00:00:00,14920016
2026-05-12 00:00:00,15017167
2026-05-13 00:00:00,15134317
2026-05-14 00:00:00,14934231
2026-05-15 00:00:00,15639138
2026-05-16 00:00:00,16549538
2026-05-17 00:00:00,12672209
2026-05-18 00:00:00,17778435
2026-05-19 00:00:00,15741266
2026-05-20 00:00:00,15537485
2026-05-21 00:00:00,15248953
2026-05-22 00:00:00,15130221
2026-05-23 00:00:00,14511031
2026-05-24 00:00:00,14877329
2026-05-25 00:00:00,15493406
2026-05-26 00:00:00,16597693
2026-05-27 00:00:00,15857439
2026-05-28 00:00:00,15040489
2026-05-29 00:00:00,14516774
2026-05-30 00:00:00,15572047
2026-05-31 00:00:00,17519554
2026-06-01 00:00:00,17205236
2026-06-02 00:00:00,17450193
2026-06-03 00:00:00,18040015
2026-06-04 00:00:00,18650628
2026-06-05 00:00:00,18727234
2026-06-06 00:00:00,18880247
2026-06-07 00:00:00,19365800
2026-06-08 00:00:00,18106919
2026-06-09 00:00:00,18772898
2026-06-10 00:00:00,19125630
2026-06-11 00:00:00,19217381
2026-06-12 00:00:00,18080144
2026-06-13 00:00:00,19960916
2026-06-14 00:00:00,20166989
2026-06-15 00:00:00,18344479
2026-06-16 00:00:00,18327872
2026-06-17 00:00:00,18719014
2026-06-18 00:00:00,19002902
2026-06-19 00:00:00,19359829
2026-06-20 00:00:00,20010322
2026-06-21 00:00:00,20117029
2026-06-22 00:00:00,18625876
2026-06-23 00:00:00,18154807
2026-06-24 00:00:00,18160838
2026-06-25 00:00:00,18039194
2026-06-26 00:00:00,17987258
2026-06-27 00:00:00,18330499
2026-06-28 00:00:00,15438364
2026-06-29 00:00:00,17326842
2026-06-30 00:00:00,18396997
2026-07-01 00:00:00,18876487
2026-07-02 00:00:00,17821062
2026-07-03 00:00:00,18412334
2026-07-04 00:00:00,19937126
2026-07-05 00:00:00,19446881
2026-07-06 00:00:00,18908483
2026-07-07 00:00:00,19513678
2026-07-08 00:00:00,19779112
2026-07-09 00:00:00,19780581
2026-07-10 00:00:00,19571690
2026-07-11 00:00:00,19283265
2026-07-12 00:00:00,18912135
2026-07-13 00:00:00,12806643
